<?xml version="1.0" encoding="utf-8"?>
<CustomDevice xmlns:xsi="http://www.w3.org/2001/XMLSchema-instance" xsi:noNamespaceSchemaLocation="Custom Device.xsd">
<XSDVersion Major="2010" Minor="0" Fix="0" Build="0" />
  <AddMenu>
    <eng>SLSC Plug-ins::ALMA_10201-10401_O2SensorSim</eng>
    <loc>SLSC Plug-ins::ALMA_10201-10401_O2SensorSim</loc>
  </AddMenu>
  <Version>1.0.1</Version>
  <Type>Asynchronous</Type>
  <MaxOccurrence>10</MaxOccurrence>
  <MainPageGUID>b95ed1a2-440b-4256-b4a3-412d4d53b190</MainPageGUID>
  <InitializationVI>
    <Type>Action</Type>
    <Item2Launch>
      <Type>To Common Doc Dir</Type>
		<Path>Custom Devices\SLSC Plug-ins\ALMA_10201-10401_O2SensorSim\ALMA_10201-10401_O2SensorSim Configuration.llb\Initialization VI.vi</Path>
    </Item2Launch>
  </InitializationVI>
  <CustomDeviceVI>
		<SourceDistribution>
			<Source>
				<SupportedTarget>Windows</SupportedTarget>
				<Source>
					<Type>To Common Doc Dir</Type>
					<Path>Custom Devices\SLSC Plug-ins\ALMA_10201-10401_O2SensorSim\Windows\ALMA_10201-10401_O2SensorSim Engine Windows.llb\RT Driver VI.vi</Path>
				</Source>
				<RealTimeSystemDestination>c:\ni-rt\VeriStand\Custom Devices\SLSC Plug-ins\ALMA_10201-10401_O2SensorSim\ALMA_10201-10401_O2SensorSim Engine Windows.llb\RT Driver VI.vi</RealTimeSystemDestination>
			</Source>
			<Source>
				<SupportedTarget>Pharlap</SupportedTarget>
				<Source>
					<Type>To Common Doc Dir</Type>
					<Path>Custom Devices\SLSC Plug-ins\ALMA_10201-10401_O2SensorSim\PharLap\ALMA_10201-10401_O2SensorSim Engine Pharlap.llb\RT Driver VI.vi</Path>
				</Source>
				<RealTimeSystemDestination>c:\ni-rt\VeriStand\Custom Devices\SLSC Plug-ins\ALMA_10201-10401_O2SensorSim\ALMA_10201-10401_O2SensorSim Engine Pharlap.llb\RT Driver VI.vi</RealTimeSystemDestination>
			</Source>
			<Source>
				<SupportedTarget>VxWorks</SupportedTarget>
				<Source>
					<Type>To Common Doc Dir</Type>
					<Path>Custom Devices\SLSC Plug-ins\ALMA_10201-10401_O2SensorSim\VxWorks\ALMA_10201-10401_O2SensorSim Engine VxWorks.llb\RT Driver VI.vi</Path>
				</Source>
				<RealTimeSystemDestination>c:\ni-rt\VeriStand\Custom Devices\SLSC Plug-ins\ALMA_10201-10401_O2SensorSim\ALMA_10201-10401_O2SensorSim Engine VxWorks.llb\RT Driver VI.vi</RealTimeSystemDestination>
			</Source>	
			<Source>
				<SupportedTarget>Linux_32_ARM</SupportedTarget>
				<Source>
					<Type>To Common Doc Dir</Type>
					<Path>Custom Devices\SLSC Plug-ins\ALMA_10201-10401_O2SensorSim\Linux_32_ARM\ALMA_10201-10401_O2SensorSim Engine LinuxARM.llb\RT Driver VI.vi</Path>
				</Source>
				<RealTimeSystemDestination>c:\ni-rt\VeriStand\Custom Devices\SLSC Plug-ins\ALMA_10201-10401_O2SensorSim\ALMA_10201-10401_O2SensorSim Engine LinuxARM.llb\RT Driver VI.vi</RealTimeSystemDestination>
			</Source>
			<Source>
				<SupportedTarget>Linux_x64</SupportedTarget>
				<Source>
					<Type>To Common Doc Dir</Type>
					<Path>Custom Devices\SLSC Plug-ins\ALMA_10201-10401_O2SensorSim\Linux_x64\ALMA_10201-10401_O2SensorSim Engine Linux64.llb\RT Driver VI.vi</Path>
				</Source>
				<RealTimeSystemDestination>c:\ni-rt\VeriStand\Custom Devices\SLSC Plug-ins\ALMA_10201-10401_O2SensorSim\ALMA_10201-10401_O2SensorSim Engine Linux64.llb\RT Driver VI.vi</RealTimeSystemDestination>
			</Source>
		</SourceDistribution>
	</CustomDeviceVI>
  <Dependencies />
  <Pages>
    <Page>
      <Name>
        <eng>ALMA_10201-10401_O2SensorSim</eng>
        <loc>ALMA_10201-10401_O2SensorSim</loc>
      </Name>
      <GUID>b95ed1a2-440b-4256-b4a3-412d4d53b190</GUID>
	  <Glyph>
				<Type>To Common Doc Dir</Type>
				<Path>Custom Devices\SLSC Plug-ins\ALMA_10201-10401_O2SensorSim\Glyphs\SLSC_Module.png</Path>
		</Glyph>
      <Item2Launch>
        <Type>To Common Doc Dir</Type>
		<Path>Custom Devices\SLSC Plug-ins\ALMA_10201-10401_O2SensorSim\ALMA_10201-10401_O2SensorSim Configuration.llb\Main Page.vi</Path>
      </Item2Launch>
			<RunTimeMenu>
				<MenuItem>
				  <GUID>6211ef21-86c1-487a-8a8a-f9c4353f6210</GUID>
				  <Type>Action</Type>
				  <Name>
					<eng>Disable</eng>
					<loc>Disable</loc>
				  </Name>
				  <Item2Launch>
					<Type>To Common Doc Dir</Type>
					<Path>Custom Devices\SLSC Plug-ins\ALMA_10201-10401_O2SensorSim\ALMA_10201-10401_O2SensorSim Configuration.llb\EnableDisableCD.vi</Path>
				  </Item2Launch>
				</MenuItem>
			</RunTimeMenu>
	  <ButtonList>
				<Button>
					<ID>Diagram</ID>
					<Glyph>
						<Type>To Application Data Dir</Type>
						<Path>System Explorer\Glyphs\NI-XNET Multiplexer.png</Path>
					</Glyph>
					<Type>Notification</Type>
					<ReferencedGUID></ReferencedGUID>
					<ButtonText>
						<eng>SLSC Diagram</eng>
						<loc>SLSC Diagram</loc>
					</ButtonText>
					<Caption>
						<eng>SLSC Diagram</eng>
						<loc>SLSC Diagram</loc>
					</Caption>
					<TipStrip>
						<eng>Shows the diagram for this card</eng>
						<loc>Shows the diagram for this card</loc>
					</TipStrip>
					<Documentation>
						<eng></eng>
						<loc></loc>
					</Documentation>
				</Button>
				<Button>
					<ID>Pinout</ID>
					<Glyph>
						<Type>To Application Data Dir</Type>
						<Path>System Explorer\Glyphs\NI-XNET Port.png</Path>
					</Glyph>
					<Type>Notification</Type>
					<ReferencedGUID></ReferencedGUID>
					<ButtonText>
						<eng>SLSC Pinout</eng>
						<loc>SLSC Pinout</loc>
					</ButtonText>
					<Caption>
						<eng>SLSC Pinout</eng>
						<loc>SLSC Pinout</loc>
					</Caption>
					<TipStrip>
						<eng>Shows the pinout for this module</eng>
						<loc>Shows the pinout for this module</loc>
					</TipStrip>
					<Documentation>
						<eng></eng>
						<loc></loc>
					</Documentation>
				</Button>
			</ButtonList>
    </Page>	
    <Page>
      <Name>
        <eng>ALMA_10201-10401_O2SensorSim</eng>
        <loc>ALMA_10201-10401_O2SensorSim</loc>
      </Name>
      <GUID>ec94fc63-336f-4d75-8121-0362e05bb837</GUID>
	  <Glyph>
				<Type>To Common Doc Dir</Type>
				<Path>Custom Devices\SLSC Plug-ins\ALMA_10201-10401_O2SensorSim\Glyphs\SLSC_Module_disable.png</Path>
		</Glyph>
      <Item2Launch>
        <Type>To Common Doc Dir</Type>
		<Path>Custom Devices\SLSC Plug-ins\ALMA_10201-10401_O2SensorSim\ALMA_10201-10401_O2SensorSim Configuration.llb\Main Page.vi</Path>
      </Item2Launch>
			<RunTimeMenu>
				<MenuItem>
				  <GUID>a9eb99d7-7471-49ee-afb0-5830947bfc96</GUID>
				  <Type>Action</Type>
				  <Name>
					<eng>Enable</eng>
					<loc>Enable</loc>
				  </Name>
				  <Item2Launch>
					<Type>To Common Doc Dir</Type>
					<Path>Custom Devices\SLSC Plug-ins\ALMA_10201-10401_O2SensorSim\ALMA_10201-10401_O2SensorSim Configuration.llb\EnableDisableCD.vi</Path>
				  </Item2Launch>
				</MenuItem>
			</RunTimeMenu>
	  <ButtonList>
				<Button>
					<ID>Diagram</ID>
					<Glyph>
						<Type>To Application Data Dir</Type>
						<Path>System Explorer\Glyphs\NI-XNET Multiplexer.png</Path>
					</Glyph>
					<Type>Notification</Type>
					<ReferencedGUID></ReferencedGUID>
					<ButtonText>
						<eng>SLSC Diagram</eng>
						<loc>SLSC Diagram</loc>
					</ButtonText>
					<Caption>
						<eng>SLSC Diagram</eng>
						<loc>SLSC Diagram</loc>
					</Caption>
					<TipStrip>
						<eng>Shows the diagram for this card</eng>
						<loc>Shows the diagram for this card</loc>
					</TipStrip>
					<Documentation>
						<eng></eng>
						<loc></loc>
					</Documentation>
				</Button>
				<Button>
					<ID>Pinout</ID>
					<Glyph>
						<Type>To Application Data Dir</Type>
						<Path>System Explorer\Glyphs\NI-XNET Port.png</Path>
					</Glyph>
					<Type>Notification</Type>
					<ReferencedGUID></ReferencedGUID>
					<ButtonText>
						<eng>SLSC Pinout</eng>
						<loc>SLSC Pinout</loc>
					</ButtonText>
					<Caption>
						<eng>SLSC Pinout</eng>
						<loc>SLSC Pinout</loc>
					</Caption>
					<TipStrip>
						<eng>Shows the pinout for this module</eng>
						<loc>Shows the pinout for this module</loc>
					</TipStrip>
					<Documentation>
						<eng></eng>
						<loc></loc>
					</Documentation>
				</Button>
			</ButtonList>
    </Page>
    
<Page>
      <Name>
        <eng>Page1</eng>
        <loc>Page1</loc>
      </Name>
      <GUID>e034f56b-6ead-4a7d-959d-73e50ffe2abf</GUID>
      <Glyph>
			<Type>To Application Data Dir</Type>
			<Path>System Explorer\Glyphs\default fpga category.png</Path>
		</Glyph>
      <Item2Launch>
        <Type>To Common Doc Dir</Type>
		<Path>Custom Devices\SLSC Plug-ins\ALMA_10201-10401_O2SensorSim\ALMA_10201-10401_O2SensorSim Configuration.llb\Page1.vi</Path>
      </Item2Launch>
    </Page>
<Page>
      <Name>
        <eng>Page2</eng>
        <loc>Page2</loc>
      </Name>
      <GUID>1a22a596-5480-47c7-a053-b94d1eca3b0e</GUID>
      <Glyph>
			<Type>To Application Data Dir</Type>
			<Path>System Explorer\Glyphs\default fpga category.png</Path>
		</Glyph>
      <Item2Launch>
        <Type>To Common Doc Dir</Type>
		<Path>Custom Devices\SLSC Plug-ins\ALMA_10201-10401_O2SensorSim\ALMA_10201-10401_O2SensorSim Configuration.llb\Page2.vi</Path>
      </Item2Launch>
    </Page>
  </Pages>
  <CustomXML>
    <Dummy></Dummy>
  </CustomXML>
</CustomDevice>